task_id,condition_id,repetition_index,task_success_visible,otel_trace_complete,end_to_end_task_latency_ms,per_task_cost_usd,total_tokens,input_tokens,output_tokens,run_id
repo-kappa-api-version-freshness-001,full_context,1,1,pass,1657,9.800000000000001e-05,662,624,38,memswe-smoke-repo-kappa-api-version-freshness-001-full_context-r1-2026-07-09T01-31-20-327Z
repo-kappa-api-version-freshness-001,full_context,2,1,pass,2727,0.00014336,824,624,200,memswe-smoke-repo-kappa-api-version-freshness-001-full_context-r2-2026-07-09T01-31-27-710Z
repo-kappa-api-version-freshness-001,full_context,3,1,pass,2302,0.00013748,803,624,179,memswe-smoke-repo-kappa-api-version-freshness-001-full_context-r3-2026-07-09T01-31-34-975Z
repo-kappa-api-version-freshness-001,full_context,4,1,pass,2978,0.0001736,932,624,308,memswe-smoke-repo-kappa-api-version-freshness-001-full_context-r4-2026-07-09T01-31-41-808Z
repo-kappa-api-version-freshness-001,hindsight,1,1,pass,74461,0.000406,1615,330,1285,memswe-smoke-repo-kappa-api-version-freshness-001-hindsight-r1-2026-07-09T10-47-30-412Z
repo-kappa-api-version-freshness-001,hindsight,2,1,pass,1557,4.788e-05,336,330,6,memswe-smoke-repo-kappa-api-version-freshness-001-hindsight-r2-2026-07-09T10-49-26-038Z
repo-kappa-api-version-freshness-001,hindsight,3,1,pass,3616,8.232000000000001e-05,459,330,129,memswe-smoke-repo-kappa-api-version-freshness-001-hindsight-r3-2026-07-09T10-49-58-435Z
repo-kappa-api-version-freshness-001,hindsight,4,1,pass,3843,9.800000000000001e-05,515,330,185,memswe-smoke-repo-kappa-api-version-freshness-001-hindsight-r4-2026-07-09T10-50-43-670Z
repo-kappa-api-version-freshness-001,honcho,1,1,pass,8771,0.00017304,856,476,380,memswe-smoke-repo-kappa-api-version-freshness-001-honcho-r1-2026-07-09T09-05-52-137Z
repo-kappa-api-version-freshness-001,honcho,2,1,pass,2670,0.00010066000000000002,638,557,81,memswe-smoke-repo-kappa-api-version-freshness-001-honcho-r2-2026-07-09T09-07-31-491Z
repo-kappa-api-version-freshness-001,honcho,3,1,pass,3044,0.00010080000000000001,586,452,134,memswe-smoke-repo-kappa-api-version-freshness-001-honcho-r3-2026-07-09T09-09-02-779Z
repo-kappa-api-version-freshness-001,honcho,4,1,pass,45156,9.044000000000001e-05,579,512,67,memswe-smoke-repo-kappa-api-version-freshness-001-honcho-r4-2026-07-09T09-10-34-742Z
repo-kappa-api-version-freshness-001,no_memory,1,1,pass,6953,0.00017962,807,331,476,memswe-smoke-repo-kappa-api-version-freshness-001-no_memory-r1-2026-07-09T05-03-08-404Z
repo-kappa-api-version-freshness-001,no_memory,2,1,pass,2212,5.81e-05,373,331,42,memswe-smoke-repo-kappa-api-version-freshness-001-no_memory-r2-2026-07-09T05-03-17-882Z
repo-kappa-api-version-freshness-001,no_memory,3,1,pass,1742,5.754e-05,371,331,40,memswe-smoke-repo-kappa-api-version-freshness-001-no_memory-r3-2026-07-09T05-03-21-935Z
repo-kappa-api-version-freshness-001,no_memory,4,1,pass,2606,4.802e-05,337,331,6,memswe-smoke-repo-kappa-api-version-freshness-001-no_memory-r4-2026-07-09T05-03-25-545Z
repo-kappa-api-version-freshness-001,supermemory,1,1,pass,3386,0.00010066,525,331,194,memswe-smoke-repo-kappa-api-version-freshness-001-supermemory-r1-2026-07-09T11-59-49-397Z
repo-kappa-api-version-freshness-001,supermemory,2,1,pass,18432,7.098e-05,419,331,88,memswe-smoke-repo-kappa-api-version-freshness-001-supermemory-r2-2026-07-09T12-00-05-803Z
repo-kappa-api-version-freshness-001,supermemory,3,1,pass,18725,0.00014126,670,331,339,memswe-smoke-repo-kappa-api-version-freshness-001-supermemory-r3-2026-07-09T12-00-34-483Z
repo-kappa-api-version-freshness-001,supermemory,4,1,pass,5693,4.802e-05,337,331,6,memswe-smoke-repo-kappa-api-version-freshness-001-supermemory-r4-2026-07-09T12-01-05-268Z
repo-kappa-api-version-freshness-001,zep,1,1,pass,1662,4.788e-05,336,330,6,memswe-smoke-repo-kappa-api-version-freshness-001-zep-r1-2026-07-09T11-26-00-261Z
repo-kappa-api-version-freshness-001,zep,2,1,pass,22808,5.516000000000001e-05,362,330,32,memswe-smoke-repo-kappa-api-version-freshness-001-zep-r2-2026-07-09T11-26-36-309Z
repo-kappa-api-version-freshness-001,zep,3,1,pass,59021,6.608e-05,401,330,71,memswe-smoke-repo-kappa-api-version-freshness-001-zep-r3-2026-07-09T11-27-33-954Z
repo-kappa-api-version-freshness-001,zep,4,1,pass,32683,7.532e-05,434,330,104,memswe-smoke-repo-kappa-api-version-freshness-001-zep-r4-2026-07-09T11-29-07-914Z
repo-koppa-quota-abstention-001,full_context,1,1,pass,2810,0.00010738,729,691,38,memswe-smoke-repo-koppa-quota-abstention-001-full_context-r1-2026-07-09T01-19-05-326Z
repo-koppa-quota-abstention-001,full_context,2,1,pass,9774,0.00013762,837,691,146,memswe-smoke-repo-koppa-quota-abstention-001-full_context-r2-2026-07-09T01-19-10-114Z
repo-koppa-quota-abstention-001,full_context,3,1,pass,2664,0.00011018,739,691,48,memswe-smoke-repo-koppa-quota-abstention-001-full_context-r3-2026-07-09T01-19-22-404Z
repo-koppa-quota-abstention-001,full_context,4,1,pass,4564,0.0001239,788,691,97,memswe-smoke-repo-koppa-quota-abstention-001-full_context-r4-2026-07-09T01-19-27-718Z
repo-koppa-quota-abstention-001,hindsight,1,1,pass,54276,8.162000000000001e-05,470,357,113,memswe-smoke-repo-koppa-quota-abstention-001-hindsight-r1-2026-07-09T11-06-55-383Z
repo-koppa-quota-abstention-001,hindsight,2,1,pass,93341,5.754000000000001e-05,384,357,27,memswe-smoke-repo-koppa-quota-abstention-001-hindsight-r2-2026-07-09T11-07-58-562Z
repo-koppa-quota-abstention-001,hindsight,3,1,pass,4310,8.274000000000001e-05,474,357,117,memswe-smoke-repo-koppa-quota-abstention-001-hindsight-r3-2026-07-09T11-09-41-543Z
repo-koppa-quota-abstention-001,hindsight,4,1,pass,2517,6.034000000000001e-05,394,357,37,memswe-smoke-repo-koppa-quota-abstention-001-hindsight-r4-2026-07-09T11-09-54-671Z
repo-koppa-quota-abstention-001,honcho,1,1,pass,6131,0.00010948000000000002,667,552,115,memswe-smoke-repo-koppa-quota-abstention-001-honcho-r1-2026-07-09T09-58-43-036Z
repo-koppa-quota-abstention-001,honcho,2,1,pass,4686,9.296e-05,578,492,86,memswe-smoke-repo-koppa-quota-abstention-001-honcho-r2-2026-07-09T10-00-14-075Z
repo-koppa-quota-abstention-001,honcho,3,1,pass,3805,0.00010318,596,455,141,memswe-smoke-repo-koppa-quota-abstention-001-honcho-r3-2026-07-09T10-01-47-033Z
repo-koppa-quota-abstention-001,honcho,4,1,pass,50018,8.12e-05,558,536,22,memswe-smoke-repo-koppa-quota-abstention-001-honcho-r4-2026-07-09T10-03-13-065Z
repo-koppa-quota-abstention-001,no_memory,1,1,pass,10071,8.736e-05,491,358,133,memswe-smoke-repo-koppa-quota-abstention-001-no_memory-r1-2026-07-09T10-31-32-295Z
repo-koppa-quota-abstention-001,no_memory,2,1,pass,51473,0.00074508,2840,358,2482,memswe-smoke-repo-koppa-quota-abstention-001-no_memory-r2-2026-07-09T10-31-45-169Z
repo-koppa-quota-abstention-001,no_memory,3,1,pass,10584,6.0480000000000004e-05,395,358,37,memswe-smoke-repo-koppa-quota-abstention-001-no_memory-r3-2026-07-09T10-32-40-669Z
repo-koppa-quota-abstention-001,no_memory,4,1,pass,10636,6.104e-05,397,358,39,memswe-smoke-repo-koppa-quota-abstention-001-no_memory-r4-2026-07-09T10-32-54-344Z
repo-koppa-quota-abstention-001,supermemory,1,1,pass,2611,5.096e-05,361,358,3,memswe-smoke-repo-koppa-quota-abstention-001-supermemory-r1-2026-07-09T12-07-04-677Z
repo-koppa-quota-abstention-001,supermemory,2,1,pass,5850,0.0001036,549,358,191,memswe-smoke-repo-koppa-quota-abstention-001-supermemory-r2-2026-07-09T12-07-20-526Z
repo-koppa-quota-abstention-001,supermemory,3,1,pass,13637,8.512e-05,483,358,125,memswe-smoke-repo-koppa-quota-abstention-001-supermemory-r3-2026-07-09T12-07-42-823Z
repo-koppa-quota-abstention-001,supermemory,4,1,pass,5305,8.876000000000001e-05,496,358,138,memswe-smoke-repo-koppa-quota-abstention-001-supermemory-r4-2026-07-09T12-08-07-438Z
repo-koppa-quota-abstention-001,zep,1,1,pass,4823,9.478000000000001e-05,517,357,160,memswe-smoke-repo-koppa-quota-abstention-001-zep-r1-2026-07-09T11-43-21-627Z
repo-koppa-quota-abstention-001,zep,2,1,pass,5392,6.118000000000001e-05,397,357,40,memswe-smoke-repo-koppa-quota-abstention-001-zep-r2-2026-07-09T11-44-01-347Z
repo-koppa-quota-abstention-001,zep,3,1,pass,2591,5.1660000000000003e-05,363,357,6,memswe-smoke-repo-koppa-quota-abstention-001-zep-r3-2026-07-09T11-44-40-909Z
repo-koppa-quota-abstention-001,zep,4,1,pass,3137,7.266000000000001e-05,438,357,81,memswe-smoke-repo-koppa-quota-abstention-001-zep-r4-2026-07-09T11-45-17-636Z
repo-lambda-secret-withholding-001,full_context,1,1,pass,5223,0.00015652,864,610,254,memswe-smoke-repo-lambda-secret-withholding-001-full_context-r1-2026-07-09T01-07-31-894Z
repo-lambda-secret-withholding-001,full_context,2,1,pass,2083,0.00011256,707,610,97,memswe-smoke-repo-lambda-secret-withholding-001-full_context-r2-2026-07-09T01-09-10-741Z
repo-lambda-secret-withholding-001,full_context,3,1,pass,2630,0.00010836,692,610,82,memswe-smoke-repo-lambda-secret-withholding-001-full_context-r3-2026-07-09T01-09-14-769Z
repo-lambda-secret-withholding-001,full_context,4,1,pass,1796,0.00011368,711,610,101,memswe-smoke-repo-lambda-secret-withholding-001-full_context-r4-2026-07-09T01-09-19-482Z
repo-lambda-secret-withholding-001,hindsight,1,1,pass,6461,0.00014378,682,337,345,memswe-smoke-repo-lambda-secret-withholding-001-hindsight-r1-2026-07-09T11-03-41-071Z
repo-lambda-secret-withholding-001,hindsight,2,1,pass,7194,8.89e-05,486,337,149,memswe-smoke-repo-lambda-secret-withholding-001-hindsight-r2-2026-07-09T11-04-57-359Z
repo-lambda-secret-withholding-001,hindsight,3,1,pass,4499,7.266000000000001e-05,428,337,91,memswe-smoke-repo-lambda-secret-withholding-001-hindsight-r3-2026-07-09T11-05-18-255Z
repo-lambda-secret-withholding-001,hindsight,4,1,pass,71934,5.978000000000001e-05,382,337,45,memswe-smoke-repo-lambda-secret-withholding-001-hindsight-r4-2026-07-09T11-05-33-864Z
repo-lambda-secret-withholding-001,honcho,1,1,pass,78590,0.00010906,663,547,116,memswe-smoke-repo-lambda-secret-withholding-001-honcho-r1-2026-07-09T09-50-42-960Z
repo-lambda-secret-withholding-001,honcho,2,1,pass,2491,8.442000000000001e-05,574,545,29,memswe-smoke-repo-lambda-secret-withholding-001-honcho-r2-2026-07-09T09-53-31-124Z
repo-lambda-secret-withholding-001,honcho,3,1,pass,20357,8.694e-05,542,463,79,memswe-smoke-repo-lambda-secret-withholding-001-honcho-r3-2026-07-09T09-54-59-956Z
repo-lambda-secret-withholding-001,honcho,4,1,pass,27273,0.00011158000000000001,630,463,167,memswe-smoke-repo-lambda-secret-withholding-001-honcho-r4-2026-07-09T09-56-49-217Z
repo-lambda-secret-withholding-001,no_memory,1,1,pass,63806,8.092e-05,458,338,120,memswe-smoke-repo-lambda-secret-withholding-001-no_memory-r1-2026-07-09T10-28-18-738Z
repo-lambda-secret-withholding-001,no_memory,2,1,pass,46864,5.824e-05,377,338,39,memswe-smoke-repo-lambda-secret-withholding-001-no_memory-r2-2026-07-09T10-29-26-706Z
repo-lambda-secret-withholding-001,no_memory,3,1,pass,35663,7.728e-05,445,338,107,memswe-smoke-repo-lambda-secret-withholding-001-no_memory-r3-2026-07-09T10-30-17-069Z
repo-lambda-secret-withholding-001,no_memory,4,1,pass,32596,0.00067648,2585,338,2247,memswe-smoke-repo-lambda-secret-withholding-001-no_memory-r4-2026-07-09T10-30-56-632Z
repo-lambda-secret-withholding-001,supermemory,1,1,pass,25869,9.044000000000001e-05,492,338,154,memswe-smoke-repo-lambda-secret-withholding-001-supermemory-r1-2026-07-09T12-05-23-008Z
repo-lambda-secret-withholding-001,supermemory,2,1,pass,8621,0.00018032,813,338,475,memswe-smoke-repo-lambda-secret-withholding-001-supermemory-r2-2026-07-09T12-06-04-332Z
repo-lambda-secret-withholding-001,supermemory,3,1,pass,10919,9.912000000000001e-05,523,338,185,memswe-smoke-repo-lambda-secret-withholding-001-supermemory-r3-2026-07-09T12-06-25-079Z
repo-lambda-secret-withholding-001,supermemory,4,1,pass,4341,6.608e-05,405,338,67,memswe-smoke-repo-lambda-secret-withholding-001-supermemory-r4-2026-07-09T12-06-47-911Z
repo-lambda-secret-withholding-001,zep,1,1,pass,5129,0.00010850000000000001,556,337,219,memswe-smoke-repo-lambda-secret-withholding-001-zep-r1-2026-07-09T11-40-02-455Z
repo-lambda-secret-withholding-001,zep,2,1,pass,14330,4.8020000000000004e-05,340,337,3,memswe-smoke-repo-lambda-secret-withholding-001-zep-r2-2026-07-09T11-40-42-495Z
repo-lambda-secret-withholding-001,zep,3,1,pass,14592,0.00028182,1175,337,838,memswe-smoke-repo-lambda-secret-withholding-001-zep-r3-2026-07-09T11-41-31-281Z
repo-lambda-secret-withholding-001,zep,4,1,pass,26149,6.09e-05,386,337,49,memswe-smoke-repo-lambda-secret-withholding-001-zep-r4-2026-07-09T11-42-20-757Z
repo-pi-checkout-signing-scope-isolation-001,full_context,1,1,pass,4644,0.00014182,857,701,156,memswe-smoke-repo-pi-checkout-signing-scope-isolation-001-full_context-r1-2026-07-09T01-20-31-300Z
repo-pi-checkout-signing-scope-isolation-001,full_context,2,1,pass,4327,0.00016534,941,701,240,memswe-smoke-repo-pi-checkout-signing-scope-isolation-001-full_context-r2-2026-07-09T01-20-38-070Z
repo-pi-checkout-signing-scope-isolation-001,full_context,3,1,pass,4194,0.00014602,872,701,171,memswe-smoke-repo-pi-checkout-signing-scope-isolation-001-full_context-r3-2026-07-09T01-20-45-184Z
repo-pi-checkout-signing-scope-isolation-001,full_context,4,1,pass,2758,0.0001281,808,701,107,memswe-smoke-repo-pi-checkout-signing-scope-isolation-001-full_context-r4-2026-07-09T01-20-52-264Z
repo-pi-checkout-signing-scope-isolation-001,hindsight,1,1,pass,8180,8.736e-05,497,370,127,memswe-smoke-repo-pi-checkout-signing-scope-isolation-001-hindsight-r1-2026-07-09T11-14-59-269Z
repo-pi-checkout-signing-scope-isolation-001,hindsight,2,1,pass,14225,8.232000000000001e-05,479,370,109,memswe-smoke-repo-pi-checkout-signing-scope-isolation-001-hindsight-r2-2026-07-09T11-15-17-393Z
repo-pi-checkout-signing-scope-isolation-001,hindsight,3,1,pass,16284,6.104000000000001e-05,403,370,33,memswe-smoke-repo-pi-checkout-signing-scope-isolation-001-hindsight-r3-2026-07-09T11-15-46-315Z
repo-pi-checkout-signing-scope-isolation-001,hindsight,4,1,pass,43765,0.00014084000000000001,688,370,318,memswe-smoke-repo-pi-checkout-signing-scope-isolation-001-hindsight-r4-2026-07-09T11-16-15-683Z
repo-pi-checkout-signing-scope-isolation-001,honcho,1,1,pass,6308,0.00013468,744,526,218,memswe-smoke-repo-pi-checkout-signing-scope-isolation-001-honcho-r1-2026-07-09T10-17-56-602Z
repo-pi-checkout-signing-scope-isolation-001,honcho,2,1,pass,3001,0.00010416,623,502,121,memswe-smoke-repo-pi-checkout-signing-scope-isolation-001-honcho-r2-2026-07-09T10-19-31-865Z
repo-pi-checkout-signing-scope-isolation-001,honcho,3,1,pass,5307,9.338e-05,581,495,86,memswe-smoke-repo-pi-checkout-signing-scope-isolation-001-honcho-r3-2026-07-09T10-20-58-901Z
repo-pi-checkout-signing-scope-isolation-001,honcho,4,1,pass,3892,8.33e-05,553,511,42,memswe-smoke-repo-pi-checkout-signing-scope-isolation-001-honcho-r4-2026-07-09T10-22-32-861Z
repo-pi-checkout-signing-scope-isolation-001,no_memory,1,1,pass,4187,7.126e-05,440,371,69,memswe-smoke-repo-pi-checkout-signing-scope-isolation-001-no_memory-r1-2026-07-09T10-39-46-130Z
repo-pi-checkout-signing-scope-isolation-001,no_memory,2,1,pass,68428,8.554e-05,491,371,120,memswe-smoke-repo-pi-checkout-signing-scope-isolation-001-no_memory-r2-2026-07-09T10-39-52-463Z
repo-pi-checkout-signing-scope-isolation-001,no_memory,3,1,pass,4490,7.63e-05,458,371,87,memswe-smoke-repo-pi-checkout-signing-scope-isolation-001-no_memory-r3-2026-07-09T10-41-03-668Z
repo-pi-checkout-signing-scope-isolation-001,no_memory,4,1,pass,5481,0.00010654,566,371,195,memswe-smoke-repo-pi-checkout-signing-scope-isolation-001-no_memory-r4-2026-07-09T10-41-10-711Z
repo-pi-checkout-signing-scope-isolation-001,supermemory,1,1,pass,6395,0.00010234,551,371,180,memswe-smoke-repo-pi-checkout-signing-scope-isolation-001-supermemory-r1-2026-07-09T12-12-52-198Z
repo-pi-checkout-signing-scope-isolation-001,supermemory,2,1,pass,5892,7.098e-05,439,371,68,memswe-smoke-repo-pi-checkout-signing-scope-isolation-001-supermemory-r2-2026-07-09T12-13-08-538Z
repo-pi-checkout-signing-scope-isolation-001,supermemory,3,1,pass,2712,5.95e-05,398,371,27,memswe-smoke-repo-pi-checkout-signing-scope-isolation-001-supermemory-r3-2026-07-09T12-13-25-658Z
repo-pi-checkout-signing-scope-isolation-001,supermemory,4,1,pass,43426,5.614e-05,386,371,15,memswe-smoke-repo-pi-checkout-signing-scope-isolation-001-supermemory-r4-2026-07-09T12-13-43-747Z
repo-pi-checkout-signing-scope-isolation-001,zep,1,1,pass,37028,6.888e-05,431,370,61,memswe-smoke-repo-pi-checkout-signing-scope-isolation-001-zep-r1-2026-07-09T11-52-46-380Z
repo-pi-checkout-signing-scope-isolation-001,zep,2,1,pass,3273,6.888e-05,431,370,61,memswe-smoke-repo-pi-checkout-signing-scope-isolation-001-zep-r2-2026-07-09T11-53-57-756Z
repo-pi-checkout-signing-scope-isolation-001,zep,3,1,pass,2695,6.636000000000001e-05,422,370,52,memswe-smoke-repo-pi-checkout-signing-scope-isolation-001-zep-r3-2026-07-09T11-54-35-119Z
repo-pi-checkout-signing-scope-isolation-001,zep,4,1,pass,17055,8.400000000000001e-05,485,370,115,memswe-smoke-repo-pi-checkout-signing-scope-isolation-001-zep-r4-2026-07-09T11-55-11-902Z
repo-qoppa-abstain-expired-fact-python-001,full_context,1,1,pass,5294,8.666e-05,528,437,91,memswe-smoke-repo-qoppa-abstain-expired-fact-python-001-full_context-r1-2026-07-09T01-19-35-083Z
repo-qoppa-abstain-expired-fact-python-001,full_context,2,1,pass,3819,0.00010038,577,437,140,memswe-smoke-repo-qoppa-abstain-expired-fact-python-001-full_context-r2-2026-07-09T01-19-48-603Z
repo-qoppa-abstain-expired-fact-python-001,full_context,3,1,pass,3363,0.00010094,579,437,142,memswe-smoke-repo-qoppa-abstain-expired-fact-python-001-full_context-r3-2026-07-09T01-19-58-175Z
repo-qoppa-abstain-expired-fact-python-001,full_context,4,1,pass,2613,8.358e-05,517,437,80,memswe-smoke-repo-qoppa-abstain-expired-fact-python-001-full_context-r4-2026-07-09T01-20-07-689Z
repo-qoppa-abstain-expired-fact-python-001,hindsight,1,1,pass,2378,3.9760000000000006e-05,269,254,15,memswe-smoke-repo-qoppa-abstain-expired-fact-python-001-hindsight-r1-2026-07-09T11-10-07-382Z
repo-qoppa-abstain-expired-fact-python-001,hindsight,2,1,pass,84365,3.6120000000000007e-05,256,254,2,memswe-smoke-repo-qoppa-abstain-expired-fact-python-001-hindsight-r2-2026-07-09T11-10-25-715Z
repo-qoppa-abstain-expired-fact-python-001,hindsight,3,1,pass,3282,4.032000000000001e-05,271,254,17,memswe-smoke-repo-qoppa-abstain-expired-fact-python-001-hindsight-r3-2026-07-09T11-12-14-529Z
repo-qoppa-abstain-expired-fact-python-001,hindsight,4,1,pass,82342,4.2560000000000006e-05,279,254,25,memswe-smoke-repo-qoppa-abstain-expired-fact-python-001-hindsight-r4-2026-07-09T11-12-31-754Z
repo-qoppa-abstain-expired-fact-python-001,honcho,1,1,pass,25406,5.838000000000001e-05,413,409,4,memswe-smoke-repo-qoppa-abstain-expired-fact-python-001-honcho-r1-2026-07-09T10-05-32-359Z
repo-qoppa-abstain-expired-fact-python-001,honcho,2,1,pass,2775,6.062e-05,427,421,6,memswe-smoke-repo-qoppa-abstain-expired-fact-python-001-honcho-r2-2026-07-09T10-06-48-475Z
repo-qoppa-abstain-expired-fact-python-001,honcho,3,1,pass,11934,0.00017164000000000003,849,472,377,memswe-smoke-repo-qoppa-abstain-expired-fact-python-001-honcho-r3-2026-07-09T10-08-19-865Z
repo-qoppa-abstain-expired-fact-python-001,honcho,4,1,pass,4053,0.0001358,761,552,209,memswe-smoke-repo-qoppa-abstain-expired-fact-python-001-honcho-r4-2026-07-09T10-10-03-655Z
repo-qoppa-abstain-expired-fact-python-001,no_memory,1,1,pass,48609,3.934e-05,268,255,13,memswe-smoke-repo-qoppa-abstain-expired-fact-python-001-no_memory-r1-2026-07-09T10-33-07-978Z
repo-qoppa-abstain-expired-fact-python-001,no_memory,2,1,pass,87704,5.306e-05,317,255,62,memswe-smoke-repo-qoppa-abstain-expired-fact-python-001-no_memory-r2-2026-07-09T10-34-04-337Z
repo-qoppa-abstain-expired-fact-python-001,no_memory,3,1,pass,65344,5.474e-05,323,255,68,memswe-smoke-repo-qoppa-abstain-expired-fact-python-001-no_memory-r3-2026-07-09T10-35-39-823Z
repo-qoppa-abstain-expired-fact-python-001,no_memory,4,1,pass,11645,4.5220000000000004e-05,289,255,34,memswe-smoke-repo-qoppa-abstain-expired-fact-python-001-no_memory-r4-2026-07-09T10-36-54-113Z
repo-qoppa-abstain-expired-fact-python-001,supermemory,1,1,pass,2013,3.71e-05,260,255,5,memswe-smoke-repo-qoppa-abstain-expired-fact-python-001-supermemory-r1-2026-07-09T12-08-26-569Z
repo-qoppa-abstain-expired-fact-python-001,supermemory,2,1,pass,9605,3.906e-05,267,255,12,memswe-smoke-repo-qoppa-abstain-expired-fact-python-001-supermemory-r2-2026-07-09T12-08-44-656Z
repo-qoppa-abstain-expired-fact-python-001,supermemory,3,1,pass,48312,3.9620000000000004e-05,269,255,14,memswe-smoke-repo-qoppa-abstain-expired-fact-python-001-supermemory-r3-2026-07-09T12-09-07-340Z
repo-qoppa-abstain-expired-fact-python-001,supermemory,4,1,pass,14087,4.55e-05,290,255,35,memswe-smoke-repo-qoppa-abstain-expired-fact-python-001-supermemory-r4-2026-07-09T12-10-10-149Z
repo-qoppa-abstain-expired-fact-python-001,zep,1,1,pass,26019,3.668000000000001e-05,258,254,4,memswe-smoke-repo-qoppa-abstain-expired-fact-python-001-zep-r1-2026-07-09T11-45-55-145Z
repo-qoppa-abstain-expired-fact-python-001,zep,2,1,pass,2638,4.788000000000001e-05,298,254,44,memswe-smoke-repo-qoppa-abstain-expired-fact-python-001-zep-r2-2026-07-09T11-46-59-950Z
repo-qoppa-abstain-expired-fact-python-001,zep,3,1,pass,2475,3.9200000000000004e-05,267,254,13,memswe-smoke-repo-qoppa-abstain-expired-fact-python-001-zep-r3-2026-07-09T11-47-41-840Z
repo-qoppa-abstain-expired-fact-python-001,zep,4,1,pass,2517,4.1160000000000006e-05,274,254,20,memswe-smoke-repo-qoppa-abstain-expired-fact-python-001-zep-r4-2026-07-09T11-48-23-808Z
repo-sigma-migration-order-recall-001,full_context,1,1,pass,2771,0.00014028,811,620,191,memswe-smoke-repo-sigma-migration-order-recall-001-full_context-r1-2026-07-09T01-31-49-940Z
repo-sigma-migration-order-recall-001,full_context,2,1,pass,1782,0.00010584,688,620,68,memswe-smoke-repo-sigma-migration-order-recall-001-full_context-r2-2026-07-09T01-31-57-725Z
repo-sigma-migration-order-recall-001,full_context,3,1,pass,2332,0.00014140000000000002,815,620,195,memswe-smoke-repo-sigma-migration-order-recall-001-full_context-r3-2026-07-09T01-32-04-417Z
repo-sigma-migration-order-recall-001,full_context,4,1,pass,2087,0.00011508000000000002,721,620,101,memswe-smoke-repo-sigma-migration-order-recall-001-full_context-r4-2026-07-09T01-32-12-556Z
repo-sigma-migration-order-recall-001,hindsight,1,1,pass,6416,0.00014882000000000003,700,337,363,memswe-smoke-repo-sigma-migration-order-recall-001-hindsight-r1-2026-07-09T10-51-30-371Z
repo-sigma-migration-order-recall-001,hindsight,2,1,pass,29316,0.00074494,2829,337,2492,memswe-smoke-repo-sigma-migration-order-recall-001-hindsight-r2-2026-07-09T10-53-13-184Z
repo-sigma-migration-order-recall-001,hindsight,3,1,pass,5431,9.758000000000001e-05,517,337,180,memswe-smoke-repo-sigma-migration-order-recall-001-hindsight-r3-2026-07-09T10-55-02-853Z
repo-sigma-migration-order-recall-001,hindsight,4,1,pass,2113,5.5020000000000005e-05,365,337,28,memswe-smoke-repo-sigma-migration-order-recall-001-hindsight-r4-2026-07-09T10-56-21-220Z
repo-sigma-migration-order-recall-001,honcho,1,1,pass,3835,0.00011564000000000001,673,520,153,memswe-smoke-repo-sigma-migration-order-recall-001-honcho-r1-2026-07-09T09-35-46-410Z
repo-sigma-migration-order-recall-001,honcho,2,1,pass,2912,0.00011158000000000001,734,671,63,memswe-smoke-repo-sigma-migration-order-recall-001-honcho-r2-2026-07-09T09-38-31-722Z
repo-sigma-migration-order-recall-001,honcho,3,1,pass,76531,0.00013706,747,515,232,memswe-smoke-repo-sigma-migration-order-recall-001-honcho-r3-2026-07-09T09-40-13-457Z
repo-sigma-migration-order-recall-001,honcho,4,1,pass,4398,0.0001239,716,547,169,memswe-smoke-repo-sigma-migration-order-recall-001-honcho-r4-2026-07-09T09-43-01-234Z
repo-sigma-migration-order-recall-001,no_memory,1,1,pass,3189,8.876000000000001e-05,486,338,148,memswe-smoke-repo-sigma-migration-order-recall-001-no_memory-r1-2026-07-09T05-03-29-996Z
repo-sigma-migration-order-recall-001,no_memory,2,1,pass,3128,9.1e-05,494,338,156,memswe-smoke-repo-sigma-migration-order-recall-001-no_memory-r2-2026-07-09T05-03-35-023Z
repo-sigma-migration-order-recall-001,no_memory,3,1,pass,3030,5.488e-05,365,338,27,memswe-smoke-repo-sigma-migration-order-recall-001-no_memory-r3-2026-07-09T05-03-40-023Z
repo-sigma-migration-order-recall-001,no_memory,4,1,pass,4265,7.364e-05,432,338,94,memswe-smoke-repo-sigma-migration-order-recall-001-no_memory-r4-2026-07-09T05-03-44-868Z
repo-sigma-migration-order-recall-001,supermemory,1,1,pass,13040,6.58e-05,404,338,66,memswe-smoke-repo-sigma-migration-order-recall-001-supermemory-r1-2026-07-09T12-01-22-593Z
repo-sigma-migration-order-recall-001,supermemory,2,1,pass,9840,0.000133,644,338,306,memswe-smoke-repo-sigma-migration-order-recall-001-supermemory-r2-2026-07-09T12-01-45-431Z
repo-sigma-migration-order-recall-001,supermemory,3,1,pass,5456,7.448e-05,435,338,97,memswe-smoke-repo-sigma-migration-order-recall-001-supermemory-r3-2026-07-09T12-02-08-644Z
repo-sigma-migration-order-recall-001,supermemory,4,1,pass,15670,7.672000000000001e-05,443,338,105,memswe-smoke-repo-sigma-migration-order-recall-001-supermemory-r4-2026-07-09T12-02-24-744Z
repo-sigma-migration-order-recall-001,zep,1,1,pass,55213,8.05e-05,456,337,119,memswe-smoke-repo-sigma-migration-order-recall-001-zep-r1-2026-07-09T11-30-15-631Z
repo-sigma-migration-order-recall-001,zep,2,1,pass,68388,6.09e-05,386,337,49,memswe-smoke-repo-sigma-migration-order-recall-001-zep-r2-2026-07-09T11-31-45-565Z
repo-sigma-migration-order-recall-001,zep,3,1,pass,11438,7.406e-05,433,337,96,memswe-smoke-repo-sigma-migration-order-recall-001-zep-r3-2026-07-09T11-33-28-587Z
repo-sigma-migration-order-recall-001,zep,4,1,pass,3104,7.686e-05,443,337,106,memswe-smoke-repo-sigma-migration-order-recall-001-zep-r4-2026-07-09T11-34-14-771Z
repo-tau-constraint-recall-001,full_context,1,1,pass,7268,0.00012096000000000001,760,656,104,memswe-smoke-repo-tau-constraint-recall-001-full_context-r1-2026-07-09T01-26-56-057Z
repo-tau-constraint-recall-001,full_context,2,1,pass,5190,0.00016072,902,656,246,memswe-smoke-repo-tau-constraint-recall-001-full_context-r2-2026-07-09T01-30-05-437Z
repo-tau-constraint-recall-001,full_context,3,1,pass,4921,0.00014364,841,656,185,memswe-smoke-repo-tau-constraint-recall-001-full_context-r3-2026-07-09T01-30-16-491Z
repo-tau-constraint-recall-001,full_context,4,1,pass,3076,0.00010444,701,656,45,memswe-smoke-repo-tau-constraint-recall-001-full_context-r4-2026-07-09T01-30-26-206Z
repo-tau-constraint-recall-001,hindsight,1,1,pass,2584,7.677e-05,594,335,259,memswe-smoke-repo-tau-constraint-recall-001-hindsight-r1-2026-07-09T03-09-46-841Z
repo-tau-constraint-recall-001,hindsight,2,1,pass,3981,0.00010346,537,335,202,memswe-smoke-repo-tau-constraint-recall-001-hindsight-r2-2026-07-09T10-41-18-383Z
repo-tau-constraint-recall-001,hindsight,3,1,pass,11545,0.00012474,613,335,278,memswe-smoke-repo-tau-constraint-recall-001-hindsight-r3-2026-07-09T10-42-56-864Z
repo-tau-constraint-recall-001,hindsight,4,1,pass,2963,7.630000000000001e-05,440,335,105,memswe-smoke-repo-tau-constraint-recall-001-hindsight-r4-2026-07-09T10-44-04-868Z
repo-tau-constraint-recall-001,honcho,1,1,pass,72615,7.83e-05,752,634,118,memswe-smoke-repo-tau-constraint-recall-001-honcho-r1-2026-07-09T03-14-49-611Z
repo-tau-constraint-recall-001,honcho,2,1,pass,5992,0.00022624,1047,478,569,memswe-smoke-repo-tau-constraint-recall-001-honcho-r2-2026-07-09T05-29-39-787Z
repo-tau-constraint-recall-001,honcho,3,1,pass,3069,0.00011606000000000001,659,489,170,memswe-smoke-repo-tau-constraint-recall-001-honcho-r3-2026-07-09T05-40-13-878Z
repo-tau-constraint-recall-001,honcho,4,1,pass,5376,0.00011592000000000001,668,508,160,memswe-smoke-repo-tau-constraint-recall-001-honcho-r4-2026-07-09T07-23-47-376Z
repo-tau-constraint-recall-001,no_memory,1,1,pass,4081,0.00011032000000000001,562,336,226,memswe-smoke-repo-tau-constraint-recall-001-no_memory-r1-2026-07-09T04-54-08-526Z
repo-tau-constraint-recall-001,no_memory,2,1,pass,5921,8.176e-05,460,336,124,memswe-smoke-repo-tau-constraint-recall-001-no_memory-r2-2026-07-09T04-59-20-107Z
repo-tau-constraint-recall-001,no_memory,3,1,pass,6612,9.436000000000001e-05,505,336,169,memswe-smoke-repo-tau-constraint-recall-001-no_memory-r3-2026-07-09T05-01-49-769Z
repo-tau-constraint-recall-001,no_memory,4,1,pass,4642,7.728e-05,444,336,108,memswe-smoke-repo-tau-constraint-recall-001-no_memory-r4-2026-07-09T05-02-43-302Z
repo-tau-constraint-recall-001,supermemory,1,1,pass,20059,0.00014532,687,336,351,memswe-smoke-repo-tau-constraint-recall-001-supermemory-r1-2026-07-09T11-56-03-046Z
repo-tau-constraint-recall-001,supermemory,2,1,pass,8832,8.764000000000001e-05,481,336,145,memswe-smoke-repo-tau-constraint-recall-001-supermemory-r2-2026-07-09T11-56-35-158Z
repo-tau-constraint-recall-001,supermemory,3,1,pass,23303,6.272000000000001e-05,392,336,56,memswe-smoke-repo-tau-constraint-recall-001-supermemory-r3-2026-07-09T11-56-55-460Z
repo-tau-constraint-recall-001,supermemory,4,1,pass,18500,6.328e-05,394,336,58,memswe-smoke-repo-tau-constraint-recall-001-supermemory-r4-2026-07-09T11-57-32-026Z
repo-tau-constraint-recall-001,zep,1,1,pass,11114,0.00015862,734,335,399,memswe-smoke-repo-tau-constraint-recall-001-zep-r1-2026-07-09T11-17-08-372Z
repo-tau-constraint-recall-001,zep,2,1,pass,63076,0.00034846000000000003,1412,335,1077,memswe-smoke-repo-tau-constraint-recall-001-zep-r2-2026-07-09T11-17-54-452Z
repo-tau-constraint-recall-001,zep,3,1,pass,61577,9.45e-05,505,335,170,memswe-smoke-repo-tau-constraint-recall-001-zep-r3-2026-07-09T11-19-32-021Z
repo-tau-constraint-recall-001,zep,4,1,pass,3211,8.778e-05,481,335,146,memswe-smoke-repo-tau-constraint-recall-001-zep-r4-2026-07-09T11-21-08-180Z
repo-upsilon-multi-fact-aggregation-001,full_context,1,1,pass,13966,0.00010682000000000001,677,591,86,memswe-smoke-repo-upsilon-multi-fact-aggregation-001-full_context-r1-2026-07-09T01-32-19-778Z
repo-upsilon-multi-fact-aggregation-001,full_context,2,1,pass,3578,0.00010626000000000002,675,591,84,memswe-smoke-repo-upsilon-multi-fact-aggregation-001-full_context-r2-2026-07-09T01-32-44-387Z
repo-upsilon-multi-fact-aggregation-001,full_context,3,1,pass,9170,0.00012670000000000002,748,591,157,memswe-smoke-repo-upsilon-multi-fact-aggregation-001-full_context-r3-2026-07-09T01-32-59-425Z
repo-upsilon-multi-fact-aggregation-001,full_context,4,1,pass,5379,0.00012754000000000002,751,591,160,memswe-smoke-repo-upsilon-multi-fact-aggregation-001-full_context-r4-2026-07-09T01-33-15-730Z
repo-upsilon-multi-fact-aggregation-001,hindsight,1,1,pass,4719,7.854e-05,448,335,113,memswe-smoke-repo-upsilon-multi-fact-aggregation-001-hindsight-r1-2026-07-09T10-58-27-584Z
repo-upsilon-multi-fact-aggregation-001,hindsight,2,1,pass,11943,0.00024374000000000002,1038,335,703,memswe-smoke-repo-upsilon-multi-fact-aggregation-001-hindsight-r2-2026-07-09T10-59-39-969Z
repo-upsilon-multi-fact-aggregation-001,hindsight,3,1,pass,16709,0.00016282,749,335,414,memswe-smoke-repo-upsilon-multi-fact-aggregation-001-hindsight-r3-2026-07-09T11-01-49-651Z
repo-upsilon-multi-fact-aggregation-001,hindsight,4,1,pass,10885,0.00021014000000000002,918,335,583,memswe-smoke-repo-upsilon-multi-fact-aggregation-001-hindsight-r4-2026-07-09T11-03-12-189Z
repo-upsilon-multi-fact-aggregation-001,honcho,1,1,pass,2529,8.344e-05,543,490,53,memswe-smoke-repo-upsilon-multi-fact-aggregation-001-honcho-r1-2026-07-09T09-44-33-505Z
repo-upsilon-multi-fact-aggregation-001,honcho,2,1,pass,2627,9.702e-05,653,613,40,memswe-smoke-repo-upsilon-multi-fact-aggregation-001-honcho-r2-2026-07-09T09-46-02-527Z
repo-upsilon-multi-fact-aggregation-001,honcho,3,1,pass,6565,0.00014826,853,647,206,memswe-smoke-repo-upsilon-multi-fact-aggregation-001-honcho-r3-2026-07-09T09-47-34-820Z
repo-upsilon-multi-fact-aggregation-001,honcho,4,1,pass,2282,9.058000000000002e-05,582,517,65,memswe-smoke-repo-upsilon-multi-fact-aggregation-001-honcho-r4-2026-07-09T09-49-11-777Z
repo-upsilon-multi-fact-aggregation-001,no_memory,1,1,pass,6429,0.00016884000000000002,771,336,435,memswe-smoke-repo-upsilon-multi-fact-aggregation-001-no_memory-r1-2026-07-09T05-03-51-096Z
repo-upsilon-multi-fact-aggregation-001,no_memory,2,1,pass,5952,0.000161,743,336,407,memswe-smoke-repo-upsilon-multi-fact-aggregation-001-no_memory-r2-2026-07-09T05-03-59-361Z
repo-upsilon-multi-fact-aggregation-001,no_memory,3,1,pass,13446,0.00013188000000000002,639,336,303,memswe-smoke-repo-upsilon-multi-fact-aggregation-001-no_memory-r3-2026-07-09T05-04-07-327Z
repo-upsilon-multi-fact-aggregation-001,no_memory,4,1,pass,6073,8.736e-05,480,336,144,memswe-smoke-repo-upsilon-multi-fact-aggregation-001-no_memory-r4-2026-07-09T05-04-23-031Z
repo-upsilon-multi-fact-aggregation-001,supermemory,1,1,pass,27536,0.00020664000000000001,906,336,570,memswe-smoke-repo-upsilon-multi-fact-aggregation-001-supermemory-r1-2026-07-09T12-02-53-583Z
repo-upsilon-multi-fact-aggregation-001,supermemory,2,1,pass,30079,6.384000000000001e-05,396,336,60,memswe-smoke-repo-upsilon-multi-fact-aggregation-001-supermemory-r2-2026-07-09T12-03-34-601Z
repo-upsilon-multi-fact-aggregation-001,supermemory,3,1,pass,4999,0.00011704,586,336,250,memswe-smoke-repo-upsilon-multi-fact-aggregation-001-supermemory-r3-2026-07-09T12-04-15-561Z
repo-upsilon-multi-fact-aggregation-001,supermemory,4,1,pass,36079,7.056e-05,420,336,84,memswe-smoke-repo-upsilon-multi-fact-aggregation-001-supermemory-r4-2026-07-09T12-04-33-613Z
repo-upsilon-multi-fact-aggregation-001,zep,1,1,pass,49796,0.00079478,3006,335,2671,memswe-smoke-repo-upsilon-multi-fact-aggregation-001-zep-r1-2026-07-09T11-34-52-733Z
repo-upsilon-multi-fact-aggregation-001,zep,2,1,pass,113116,0.0015703800000000001,5776,335,5441,memswe-smoke-repo-upsilon-multi-fact-aggregation-001-zep-r2-2026-07-09T11-36-16-812Z
repo-upsilon-multi-fact-aggregation-001,zep,3,1,pass,6420,0.00014602000000000001,689,335,354,memswe-smoke-repo-upsilon-multi-fact-aggregation-001-zep-r3-2026-07-09T11-38-43-924Z
repo-upsilon-multi-fact-aggregation-001,zep,4,1,pass,2738,8.162e-05,459,335,124,memswe-smoke-repo-upsilon-multi-fact-aggregation-001-zep-r4-2026-07-09T11-39-25-467Z
repo-vau-session-note-conflict-typescript-001,full_context,1,1,pass,1636,7.476e-05,487,440,47,memswe-smoke-repo-vau-session-note-conflict-typescript-001-full_context-r1-2026-07-09T01-20-16-387Z
repo-vau-session-note-conflict-typescript-001,full_context,2,1,pass,1858,7.308e-05,481,440,41,memswe-smoke-repo-vau-session-note-conflict-typescript-001-full_context-r2-2026-07-09T01-20-19-845Z
repo-vau-session-note-conflict-typescript-001,full_context,3,1,pass,1274,6.3e-05,445,440,5,memswe-smoke-repo-vau-session-note-conflict-typescript-001-full_context-r3-2026-07-09T01-20-23-644Z
repo-vau-session-note-conflict-typescript-001,full_context,4,1,pass,2375,8.596e-05,527,440,87,memswe-smoke-repo-vau-session-note-conflict-typescript-001-full_context-r4-2026-07-09T01-20-26-787Z
repo-vau-session-note-conflict-typescript-001,hindsight,1,1,pass,1836,4.1580000000000005e-05,275,253,22,memswe-smoke-repo-vau-session-note-conflict-typescript-001-hindsight-r1-2026-07-09T11-14-10-218Z
repo-vau-session-note-conflict-typescript-001,hindsight,2,1,pass,2346,4.046e-05,271,253,18,memswe-smoke-repo-vau-session-note-conflict-typescript-001-hindsight-r2-2026-07-09T11-14-20-219Z
repo-vau-session-note-conflict-typescript-001,hindsight,3,1,pass,2836,6.398000000000001e-05,355,253,102,memswe-smoke-repo-vau-session-note-conflict-typescript-001-hindsight-r3-2026-07-09T11-14-34-886Z
repo-vau-session-note-conflict-typescript-001,hindsight,4,1,pass,1997,4.2420000000000004e-05,278,253,25,memswe-smoke-repo-vau-session-note-conflict-typescript-001-hindsight-r4-2026-07-09T11-14-46-842Z
repo-vau-session-note-conflict-typescript-001,honcho,1,1,pass,14685,7.560000000000001e-05,460,380,80,memswe-smoke-repo-vau-session-note-conflict-typescript-001-honcho-r1-2026-07-09T10-11-36-149Z
repo-vau-session-note-conflict-typescript-001,honcho,2,1,pass,4097,0.00011158000000000001,601,405,196,memswe-smoke-repo-vau-session-note-conflict-typescript-001-honcho-r2-2026-07-09T10-13-17-354Z
repo-vau-session-note-conflict-typescript-001,honcho,3,1,pass,2666,9.268e-05,589,516,73,memswe-smoke-repo-vau-session-note-conflict-typescript-001-honcho-r3-2026-07-09T10-14-49-472Z
repo-vau-session-note-conflict-typescript-001,honcho,4,1,pass,1898,8.372000000000002e-05,553,508,45,memswe-smoke-repo-vau-session-note-conflict-typescript-001-honcho-r4-2026-07-09T10-16-24-166Z
repo-vau-session-note-conflict-typescript-001,no_memory,1,1,pass,94477,6.608e-05,363,254,109,memswe-smoke-repo-vau-session-note-conflict-typescript-001-no_memory-r1-2026-07-09T10-37-14-647Z
repo-vau-session-note-conflict-typescript-001,no_memory,2,1,pass,3212,7.448e-05,393,254,139,memswe-smoke-repo-vau-session-note-conflict-typescript-001-no_memory-r2-2026-07-09T10-38-51-873Z
repo-vau-session-note-conflict-typescript-001,no_memory,3,1,pass,42001,5.292e-05,316,254,62,memswe-smoke-repo-vau-session-note-conflict-typescript-001-no_memory-r3-2026-07-09T10-38-57-722Z
repo-vau-session-note-conflict-typescript-001,no_memory,4,1,pass,1704,3.668000000000001e-05,258,254,4,memswe-smoke-repo-vau-session-note-conflict-typescript-001-no_memory-r4-2026-07-09T10-39-42-056Z
repo-vau-session-note-conflict-typescript-001,supermemory,1,1,pass,25712,7.896000000000002e-05,409,254,155,memswe-smoke-repo-vau-session-note-conflict-typescript-001-supermemory-r1-2026-07-09T12-10-39-424Z
repo-vau-session-note-conflict-typescript-001,supermemory,2,1,pass,1639,4.088000000000001e-05,273,254,19,memswe-smoke-repo-vau-session-note-conflict-typescript-001-supermemory-r2-2026-07-09T12-11-16-073Z
repo-vau-session-note-conflict-typescript-001,supermemory,3,1,pass,26928,0.00012264,565,254,311,memswe-smoke-repo-vau-session-note-conflict-typescript-001-supermemory-r3-2026-07-09T12-11-27-475Z
repo-vau-session-note-conflict-typescript-001,supermemory,4,1,pass,33433,3.6960000000000005e-05,259,254,5,memswe-smoke-repo-vau-session-note-conflict-typescript-001-supermemory-r4-2026-07-09T12-12-08-026Z
repo-vau-session-note-conflict-typescript-001,zep,1,1,pass,21309,4.326e-05,281,253,28,memswe-smoke-repo-vau-session-note-conflict-typescript-001-zep-r1-2026-07-09T11-49-04-939Z
repo-vau-session-note-conflict-typescript-001,zep,2,1,pass,29799,3.682e-05,258,253,5,memswe-smoke-repo-vau-session-note-conflict-typescript-001-zep-r2-2026-07-09T11-50-01-527Z
repo-vau-session-note-conflict-typescript-001,zep,3,1,pass,28536,4.4380000000000005e-05,285,253,32,memswe-smoke-repo-vau-session-note-conflict-typescript-001-zep-r3-2026-07-09T11-51-05-977Z
repo-vau-session-note-conflict-typescript-001,zep,4,1,pass,3389,3.626e-05,256,253,3,memswe-smoke-repo-vau-session-note-conflict-typescript-001-zep-r4-2026-07-09T11-52-08-873Z
repo-zeta-retry-endpoint-forgetting-001,full_context,1,1,pass,2025,9.548e-05,622,562,60,memswe-smoke-repo-zeta-retry-endpoint-forgetting-001-full_context-r1-2026-07-09T01-30-33-843Z
repo-zeta-retry-endpoint-forgetting-001,full_context,2,1,pass,2232,8.484e-05,584,562,22,memswe-smoke-repo-zeta-retry-endpoint-forgetting-001-full_context-r2-2026-07-09T01-30-44-571Z
repo-zeta-retry-endpoint-forgetting-001,full_context,3,1,pass,3909,0.00015708,842,562,280,memswe-smoke-repo-zeta-retry-endpoint-forgetting-001-full_context-r3-2026-07-09T01-30-55-573Z
repo-zeta-retry-endpoint-forgetting-001,full_context,4,1,pass,2685,9.1e-05,606,562,44,memswe-smoke-repo-zeta-retry-endpoint-forgetting-001-full_context-r4-2026-07-09T01-31-08-363Z
repo-zeta-retry-endpoint-forgetting-001,hindsight,1,1,pass,1822,5.6000000000000006e-05,361,322,39,memswe-smoke-repo-zeta-retry-endpoint-forgetting-001-hindsight-r1-2026-07-09T10-45-11-036Z
repo-zeta-retry-endpoint-forgetting-001,hindsight,2,1,pass,6456,6.244e-05,384,322,62,memswe-smoke-repo-zeta-retry-endpoint-forgetting-001-hindsight-r2-2026-07-09T10-45-32-776Z
repo-zeta-retry-endpoint-forgetting-001,hindsight,3,1,pass,41480,0.0001218,596,322,274,memswe-smoke-repo-zeta-retry-endpoint-forgetting-001-hindsight-r3-2026-07-09T10-45-58-928Z
repo-zeta-retry-endpoint-forgetting-001,hindsight,4,1,pass,3262,0.00014084000000000001,664,322,342,memswe-smoke-repo-zeta-retry-endpoint-forgetting-001-hindsight-r4-2026-07-09T10-46-59-668Z
repo-zeta-retry-endpoint-forgetting-001,honcho,1,1,pass,8881,0.00018298,887,467,420,memswe-smoke-repo-zeta-retry-endpoint-forgetting-001-honcho-r1-2026-07-09T08-55-15-209Z
repo-zeta-retry-endpoint-forgetting-001,honcho,2,1,pass,2529,7.868e-05,506,450,56,memswe-smoke-repo-zeta-retry-endpoint-forgetting-001-honcho-r2-2026-07-09T09-00-29-322Z
repo-zeta-retry-endpoint-forgetting-001,honcho,3,1,pass,5756,0.00010024000000000002,625,534,91,memswe-smoke-repo-zeta-retry-endpoint-forgetting-001-honcho-r3-2026-07-09T09-02-07-323Z
repo-zeta-retry-endpoint-forgetting-001,honcho,4,1,pass,34795,0.00012222,678,483,195,memswe-smoke-repo-zeta-retry-endpoint-forgetting-001-honcho-r4-2026-07-09T09-03-47-907Z
repo-zeta-retry-endpoint-forgetting-001,no_memory,1,1,pass,17561,0.0004887400000000001,1907,323,1584,memswe-smoke-repo-zeta-retry-endpoint-forgetting-001-no_memory-r1-2026-07-09T05-02-05-063Z
repo-zeta-retry-endpoint-forgetting-001,no_memory,2,1,pass,2134,6.0620000000000006e-05,378,323,55,memswe-smoke-repo-zeta-retry-endpoint-forgetting-001-no_memory-r2-2026-07-09T05-02-29-106Z
repo-zeta-retry-endpoint-forgetting-001,no_memory,3,1,pass,14168,8.078000000000001e-05,450,323,127,memswe-smoke-repo-zeta-retry-endpoint-forgetting-001-no_memory-r3-2026-07-09T05-02-37-524Z
repo-zeta-retry-endpoint-forgetting-001,no_memory,4,1,pass,4091,9.058000000000002e-05,485,323,162,memswe-smoke-repo-zeta-retry-endpoint-forgetting-001-no_memory-r4-2026-07-09T05-02-57-797Z
repo-zeta-retry-endpoint-forgetting-001,supermemory,1,1,pass,4719,8.022000000000001e-05,448,323,125,memswe-smoke-repo-zeta-retry-endpoint-forgetting-001-supermemory-r1-2026-07-09T11-58-01-945Z
repo-zeta-retry-endpoint-forgetting-001,supermemory,2,1,pass,11360,0.00010822,548,323,225,memswe-smoke-repo-zeta-retry-endpoint-forgetting-001-supermemory-r2-2026-07-09T11-58-22-533Z
repo-zeta-retry-endpoint-forgetting-001,supermemory,3,1,pass,4276,0.00010822,548,323,225,memswe-smoke-repo-zeta-retry-endpoint-forgetting-001-supermemory-r3-2026-07-09T11-58-48-045Z
repo-zeta-retry-endpoint-forgetting-001,supermemory,4,1,pass,21846,0.00013538,645,323,322,memswe-smoke-repo-zeta-retry-endpoint-forgetting-001-supermemory-r4-2026-07-09T11-59-05-729Z
repo-zeta-retry-endpoint-forgetting-001,zep,1,1,pass,44681,0.00011956,588,322,266,memswe-smoke-repo-zeta-retry-endpoint-forgetting-001-zep-r1-2026-07-09T11-21-45-712Z
repo-zeta-retry-endpoint-forgetting-001,zep,2,1,pass,38784,7.196000000000001e-05,418,322,96,memswe-smoke-repo-zeta-retry-endpoint-forgetting-001-zep-r2-2026-07-09T11-23-09-060Z
repo-zeta-retry-endpoint-forgetting-001,zep,3,1,pass,8434,0.00019068,842,322,520,memswe-smoke-repo-zeta-retry-endpoint-forgetting-001-zep-r3-2026-07-09T11-24-26-610Z
repo-zeta-retry-endpoint-forgetting-001,zep,4,1,pass,8175,0.00019488,857,322,535,memswe-smoke-repo-zeta-retry-endpoint-forgetting-001-zep-r4-2026-07-09T11-25-13-549Z
